"yearsBP","conMW","decMW","wetwMW","wetmMW","pasMW","araMW","heaMW","SPD","clim","conMWs","decMWs","wetwMWs","wetmMWs","pasMWs","araMWs","heaMWs"
9000,1.44381302958663,1.08419184758338,0.185347584695411,0.0697036144592067,0.0934307031173622,0.0187792798822112,0.184157379631471,0.00863633522600947,0.137820766339,0.945553685678693,1.02699518874339,0.159543417377995,0.0784580505531577,0.183816947946552,0.00891870653120957,0.209793305871142
8900,0.657690306481397,1.08650412676367,0.165650305053243,0.0511195004404671,0.207860278381737,0.00592776810613277,0.193381658707636,0.00954189349021869,0.369234643123,0.907550639031455,1.078452276852,0.164479056613104,0.0778596852308065,0.15064549074955,0.00947503943517041,0.211400596158131
8800,0.975152069725448,0.83767083435931,0.263356402700288,0.110622087263003,0.0634334318946498,0.00118483412322275,0.153971018481703,0.00942361334843759,0.124330884985,0.990060449713904,1.0451728018113,0.189083153829843,0.0854516034801536,0.135646855138193,0.00873301145235351,0.217008621484621
8700,1.19770223276411,1.73190695795917,0.222788121460007,0.111849438352768,0.252966430688306,0.00995287157858984,0.266419212677443,0.00867320956298699,0.0657963768521,1.06073890861448,1.15502607654365,0.207697636536679,0.0838979896117648,0.158199931291478,0.00844515902429916,0.220553836923426
8600,1.22600513551486,1.21850450315685,0.220388869947365,0.141868377829052,0.171473335208239,0.00142247510668563,0.196372175475896,0.00705621835570299,0.18848581744,1.06596890512811,1.14827718726732,0.211506256771263,0.0918302851605348,0.212219882948273,0.00804352555614844,0.222990814131688
8500,0.602869856892315,0.74015099786479,0.424176897102322,0.0910812912972429,0.047940962003732,0.000946073793755913,0.0987551463796785,0.0158664291282253,-0.150917540127,1.01209661669824,1.17593863840429,0.259272119252645,0.0934013779590093,0.109707148605986,0.0066352024308516,0.20239238028628
8400,0.488687782805429,0.310708898944193,0.0165912518853696,0.0120663650075415,0.0723981900452489,0,0.0422322775263952,0.0172664128701778,0.14362841983,1.00956408777867,1.00137688094734,0.22946030861907,0.0908563206210932,0.0601695760244905,0.00617581308041166,0.183377763348797
8300,1.22490841731864,1.00305785028012,0.561302609918445,0.137910687176562,0.145897753494209,0.00360476232715374,0.225960134456387,0.00836142243236807,0.36133237846,0.977103603886103,0.989786309904015,0.289049550062702,0.0907776702282304,0.109147971769729,0.00522725811471898,0.170156125417076
8200,0.841426012862241,0.734946735934056,0.615850161333218,0.0642070351791458,0.046109339885244,0.00147710487444609,0.133685969778662,0.00753249166091292,0.00415688336185,0.901805226795555,0.939563825499784,0.367661958037344,0.0900905978182228,0.0960035466897265,0.00306448623874834,0.163847199185475
8100,1.35687841640744,1.11078107108519,0.289504098498542,0.0822412077093706,0.0975155078240003,0.00229309903786419,0.15817563584387,0.00249540776675514,0.118606024626,0.98920374053631,0.978579573603482,0.381485003747579,0.0939808112268358,0.0718124238546222,0.00261015260521477,0.159446446327504
8000,1.05938013262521,0.647795606028384,0.539790446819312,0.0972062601741608,0.0997140335703856,0,0.131683377635683,0.00270294515321807,0.0239496059573,0.99973224839878,0.823706523327655,0.404607713690977,0.0923038328407305,0.098614770697193,0.00246204833981192,0.156660491221752
7900,0.772081087544798,1.08048101227926,0.752831754102163,0.11038652204243,0.0975706612044434,0.00235294117647058,0.11737636843542,0.00366503977757405,1.52840553542,0.946529605246366,0.803988881773714,0.551855814134336,0.0921209683019382,0.0986423473874145,0.00151205703954702,0.138030135691499
7800,1.24466015971021,1.04771646097281,0.420895106690666,0.114271905314601,0.0757943534671453,0.00438393012951748,0.259513646299632,0.0151229297240699,1.47494088972,0.948861483270785,0.847926805074859,0.52377431348878,0.0886714092376318,0.0866825073357944,0.001882238917401,0.145922819544466
7700,0.996019119269427,0.651056685022988,0.470193681705506,0.0922097546345161,0.057232049437454,0.00297176820208024,0.169789094729281,0.022942651214167,2.12937581327,0.998005141067924,0.89654791737183,0.494643017563238,0.088812467154791,0.0665132014522997,0.00213545071844154,0.154802063088166
7600,0.856226406354942,1.1809510293941,0.671099441343657,0.0854430390254256,0.116215747217489,0.00534809002550938,0.158362307493662,0.0178593958472747,2.17002471368,1.04394746901161,0.921961228673827,0.570962086132261,0.0979845514070265,0.0867238983274715,0.00280396197163021,0.169318316834075
7500,0.497121842561576,0.705975007520729,0.254450750213792,0.0476188866617768,0.0503855007115116,0.00147710487444609,0.0476188866617768,0.00360076851600782,1.91833295278,0.95297414716698,0.917822410329066,0.513894146811157,0.0866980763426784,0.0833006239645003,0.00253800479004176,0.147025660859748
7400,0.885922242948705,0.99755364272134,0.676559456459427,0.0735115020155545,0.108559811276743,0.00474478681096808,0.192720375877823,0.00140623206277439,1.69573606928,0.958536175927788,0.901647063419945,0.498639687282609,0.0878611346972294,0.0794726559941273,0.002946465032107,0.154404961622144
7300,0.695762241707323,0.952061924266436,0.452205863053033,0.100817422519147,0.0442528787796921,0.00445684488910701,0.0830869367492257,0.0140057406517499,1.87870918864,0.875896654090274,0.945113680311095,0.504901838555083,0.0901831615484515,0.0764063450282176,0.00321693326351236,0.145018874235313
7200,0.799534877072507,1.18676433304661,0.663554272926948,0.108775608123355,0.138430781561726,0.00130208333333333,0.175968058703596,0.00410824031111522,1.96451534076,0.843415997146186,0.960297011849288,0.543573956799371,0.0916293300421008,0.0913418301707091,0.00337969368017902,0.150554459368802
7100,0.64385705882967,0.897792762190353,0.517049327484554,0.0811666145053903,0.0558022265601132,0.00648105684221253,0.0640829569435492,0.00684536314764795,2.13760476784,0.827387993556795,0.938879340594651,0.512763934027551,0.0879768415999708,0.0971165040609196,0.00389570813839677,0.143892782932318
7000,0.580598661754173,0.682417617870808,0.196563405364598,0.02780634795682,0.0423231534595009,0,0.224341362378129,0.00716083552473083,2.55904118394,0.74438030631229,0.943359473858626,0.501186465057712,0.0771686469302482,0.0490626900098071,0.00334771687220708,0.13949624744213
6900,1.12256256334213,1.90676574303342,0.9068965723312,0.15125722088757,0.207835205975745,0.00544314991033775,0.261166417488714,0.00418236848218751,2.23435247564,0.760198236821378,1.04704729009281,0.547253888232066,0.0845495802118799,0.125079179717623,0.00365663958573927,0.15091841278706
6800,0.240683229813665,0.425465838509317,0.127329192546584,0.0108695652173913,0.0062111801242236,0,0.0139751552795031,0.00246054944977814,2.02388894918,0.683255339753718,1.00697455166261,0.482278554130777,0.0752278959858756,0.107023193049984,0.0029881283325506,0.13287001876029
6700,1.10713201350807,1.14565964995939,0.426750236741468,0.144233004791405,0.123847106096547,0.00541622719637487,0.200188921711651,0.00779555929283718,3.06990397613,0.75950661112203,1.02813255269662,0.434917746893681,0.0873046607520792,0.0650291431103853,0.00348051862279169,0.151941273141524
6600,0.801196978015467,1.41397279942051,0.452948278759552,0.0775293735738262,0.120776431632993,0.00275152642859026,0.163981353386924,0.0182987510243136,3.02352299372,0.748915953005375,1.09411982057577,0.42209753714868,0.0878068946968631,0.12231176886477,0.00323136107499447,0.148348895330162
6500,0.869807665368743,1.70403625260539,0.735384967894425,0.125793029249262,0.15283915802274,0,0.192830175698212,0.00986922412697101,3.19099314015,0.770671630963053,1.16801580908417,0.529861849654645,0.0909288455381275,0.136807794827867,0.00267425546385609,0.162066800198785
6400,1.0969940009853,2.09245534717561,0.756233002462875,0.205379733514908,0.198451532118676,0.00679723169108855,0.234810124582647,0.00740058587885387,3.30231822288,0.807854021452152,1.33868189265349,0.499729135680981,0.103004361212072,0.175645345070708,0.00336114900857549,0.169422058433666
6300,0.513520132729932,1.04493803195652,0.300578585284796,0.065141794021159,0.0773029562738689,0.00356582332338678,0.0835663868671756,0.0182370711956106,2.69862884413,0.791561905689684,1.39047052323717,0.534379014228623,0.101001258651543,0.137877244196272,0.00299674481872227,0.171857487174119
6200,0.990221879735919,1.85535623584354,0.528083913824527,0.148796236115774,0.142581463730445,0.00155763239875389,0.133776803325896,0.0178076586560039,2.24367399154,0.842764807937403,1.38312630792433,0.554645749645235,0.116124994671412,0.109942210002157,0.00319144886856651,0.16053691729259
6100,0.716814483842835,0.915657134989744,0.328707533298025,0.134602757084798,0.0641550622211723,0.00115340253748558,0.0632417644018906,0.0161951775257933,2.77600458625,0.792046297999991,1.45315363599296,0.529797600552929,0.114043186696065,0.103368262975809,0.00265523044695999,0.135796335656737
6000,0.62603506884689,1.15461373108727,0.207284676561684,0.110597549819457,0.151520568952528,0.00238720993437975,0.181200010136393,0.0149139611832174,4.2065477789,0.840215277879144,1.4544327904398,0.424177542286381,0.126509184771324,0.10783781558685,0.00295363168875746,0.156699442513849
5900,1.27514455821616,1.50567265088861,0.475902161173358,0.14054294119234,0.13679186896756,0.00122850122850123,0.116111310500501,0.00978762537059225,4.98480630872,0.861216845967655,1.46753276922096,0.368111374028478,0.126047926821441,0.144156218960044,0.00243016594277325,0.146189741112455
5800,1.16990256964603,1.42621244882291,0.462999994709948,0.164234985954635,0.159876975718318,0.00377833753148616,0.245066016722338,0.00897775044112315,4.3340549754,0.907305044921475,1.42784365439489,0.400595655913508,0.136886128369042,0.148334422342939,0.00255851733063524,0.156325324029382
5700,0.295073963489949,0.636739576545648,0.201445230060007,0.0608523550636543,0.110831444938291,0.0064412911759271,0.0616177629083553,0.00953125822388071,3.91431423554,0.835463332186626,1.21988425859061,0.335267919160604,0.128768544095841,0.135354210328305,0.00336367872762613,0.13992377243065
5600,1.12448066192206,1.36762053171003,0.414334821873869,0.213119996679433,0.21529964442635,0.00427968952559116,0.245404720143173,0.0113036979197702,3.31790254752,0.838899164803721,1.26598175855539,0.352393376875773,0.129736076991406,0.163065544682321,0.00304898595693895,0.141248096875715
5500,0.828003679256124,0.848032151862321,0.291641497259716,0.132346024621019,0.069748909664236,0.00238379022646007,0.0677643966065258,0.00677751108630705,3.46407948382,0.878209608119495,1.12207831798665,0.369264741015379,0.138136605816389,0.142524277045293,0.00290123181982312,0.139272848093134
5400,0.368898551672279,0.523836379289676,0.124579069539347,0.0751844465513671,0.101440154313924,0.00119331742243437,0.0484601301206395,0.00988832762870109,3.07027472956,0.80054419211154,1.06610392431521,0.299000122688577,0.128935132120838,0.08559453198908,0.00285569244778318,0.128608263942477
5300,0.899761805721528,1.20781831061042,0.302583381097006,0.146696694748231,0.161586553074389,0.00548836477162421,0.275327284085816,0.00971444779578844,2.90350909349,0.823412607346377,1.0737045785328,0.266916799965989,0.130446874328767,0.131513353694157,0.0033975627270505,0.155118953902968
5200,0.639615807097244,0.821147384436236,0.274667030211935,0.102439483881966,0.100653808550073,0,0.0548097791415444,0.0090171945741553,2.93799494507,0.825110199627671,0.975915254753892,0.281561159996374,0.129427116086581,0.131120180812231,0.00309916148525304,0.139320175028612
5100,1.15275475498306,1.12071576499716,0.229782202248574,0.1278532513195,0.153092758479799,0.0064438149197356,0.329302557460336,0.00975314771131062,3.24140666459,0.809811474223534,0.932272871350214,0.244650636071315,0.127840904852476,0.126873283514936,0.00375107569665733,0.165969080898591
5000,0.951741408759619,0.7604956254352,0.275082516556281,0.11818098665991,0.0832154764296721,0.00131578947368421,0.0939544079735915,0.0101076290366109,3.51300484161,0.782541329112732,0.949952306905864,0.241338839930628,0.122084154940635,0.118154117454736,0.00344325718943209,0.147080129804998
4900,0.99477252340826,1.30745774974333,0.40708612238913,0.165867886587412,0.201073933733233,0.00681292329725624,0.2459480163213,0.0150103548049006,3.3609057881,0.870003649102521,0.941357623767764,0.297840250500585,0.135211096381105,0.142144705081453,0.00348971120459823,0.170121411481616
4800,0.810433542207958,0.529938043005443,0.1055639810798,0.0750126382863659,0.0721636354373631,0.00280001724293333,0.0756004655592,0.0147582157859355,3.89094822601,0.830747759138259,0.895915608216781,0.258436370497144,0.117947676581971,0.136618784585298,0.003304752169266,0.148895879658619
4700,0.499870340335259,0.762258952120214,0.309681140754897,0.124540471637599,0.187047593954584,0.00339529341231323,0.074176632154448,0.0126311170054886,4.29549058095,0.78973109177315,0.929975975764001,0.265439192605736,0.116971982459044,0.129605614695974,0.00343119006749765,0.149697409102109
4600,1.26393775791617,1.14508896178578,0.291606210222925,0.176930400899777,0.137846246944615,0.00276977091129284,0.206668359295811,0.0115256656808197,4.59160581833,0.901610992553637,0.921014640217624,0.277803994200606,0.129690226752595,0.1624469204496,0.00362824675360495,0.169473437749006
4500,0.548674027069655,0.582266563963369,0.103938182396166,0.0748052916651384,0.0883462323784372,0.00121654501216545,0.166776705913998,0.0153461475730063,3.82511892683,0.857725020222153,0.8868888087215,0.243575127368583,0.120703801367209,0.113096239661526,0.00309426928367261,0.155904615477529
4400,0.943082465067701,1.02348115851886,0.323914961232378,0.17805112198783,0.164089112007822,0.00290135396518375,0.174973300854559,0.0131241504379625,4.09037141915,0.89565835246846,0.872998150653171,0.226940895137233,0.130155256130442,0.12621767219313,0.00345693852932058,0.170925055691655
4300,0.770673518765122,0.500156297866222,0.0665547573944521,0.0980550293527393,0.101390425817907,0.00127226463104326,0.206866477858844,0.014946428839205,3.23345148746,0.847898197941218,0.835806818143317,0.219139050400163,0.126430478384596,0.132739768912865,0.00281049474323404,0.155620545741469
4200,1.01532582570935,0.838815249380855,0.299255087495693,0.158389928989001,0.217661597779,0.007441145388894,0.172663618897105,0.0136459324716627,3.48998909773,0.855846250059934,0.768857889520106,0.217053839748322,0.131456596175733,0.159526011798454,0.00357616423263526,0.165459197106908
4100,1.55990167424954,1.26089237347594,0.42591530018275,0.211246568534263,0.25030362272258,0.00226170349796723,0.2066849988984,0.0202356125012592,3.42655313702,0.926487393915094,0.873279936730177,0.243915657740287,0.137128931419089,0.23398261025079,0.00300726175772413,0.160551319929046
4000,1.4222364415073,1.29583263529538,0.360783444287567,0.336578068807671,0.295872628092776,0.00143884892086331,0.239485015492048,0.0288977141877383,4.14134425787,1.00296275632751,0.949504748612344,0.295284710118568,0.169824610234252,0.273088125407678,0.00283711571746538,0.181036888670652
3900,1.49990141379828,1.35532235748894,0.4209444897706,0.240461684559431,0.19816445204158,0,0.30048666555342,0.0321942370758377,4.72723961709,1.12796664051039,0.979538090855653,0.314690615826212,0.184314761849481,0.247018540067178,0.00241270404092623,0.209325642845523
3800,1.03167704037137,1.0610970574248,0.353902537481909,0.261644253736374,0.266281731353871,0.00237888238951772,0.17253491143255,0.0251034123647679,3.33325887273,1.09893405081729,1.04794244706443,0.372160171843703,0.194903993454056,0.232223091697726,0.00236384297570434,0.205058961862616
3700,1.20929102468179,0.926941414608625,0.193747022301924,0.259674647571939,0.257449932862431,0.0033003300330033,0.290164236830662,0.0223989408971163,3.92981354441,1.18151117551881,1.03415105507725,0.35105855880495,0.218012662942406,0.261865832108151,0.00262431610330907,0.220482403227199
3600,1.84279914546167,1.51406864419516,0.67335064886596,0.404655699411093,0.429554642028492,0.00239759450753409,0.363511169418994,0.0145969614553419,4.00883149492,1.29397576056805,1.17899567598139,0.400545628541592,0.246338235120314,0.343502287445462,0.00256134617110286,0.244049636797753
3500,0.822458443160644,0.659965274029292,0.186998639717696,0.219448840456066,0.171837558599777,0.00402269695432426,0.108506823862628,0.0145512063685927,3.94376959139,1.30044887611749,1.15344567950259,0.365788667627617,0.26151246150823,0.300696100314135,0.00290515021151299,0.231754680048226
3400,1.49312794374148,1.27692865294174,0.460177162196391,0.391388507249915,0.345809379700447,0.00628002724329422,0.302548636156533,0.0310666516152961,3.50894243815,1.36017414087151,1.15573657656913,0.373635202112776,0.290637283790844,0.258823469150112,0.00276001044331301,0.247990307205654
3300,0.821926373992872,0.684883764311148,0.201530795158133,0.242698543321956,0.196494599750199,0.00376642179920868,0.231354217500604,0.0271065503474147,3.66809590827,1.26792722833943,1.06845816642853,0.343160853648021,0.294568780639306,0.271151989725323,0.00294810023096819,0.25107395953093
3200,1.03670316717609,1.0913782819165,0.337075738920685,0.267911013607021,0.366621096744075,0.00485644820218142,0.328471077340588,0.0212625358546974,3.851086174,1.21973556904802,1.03075186991818,0.371826596971773,0.285985398739224,0.281557848247137,0.00337530014113296,0.262197217261997
3100,1.2636755747517,0.874630263763776,0.300219010565004,0.216127433271471,0.172241248254726,0.00606060606060606,0.151341112871835,0.017414053082473,4.43362071712,1.1902073391672,1.00411375653803,0.297200269311582,0.282943617328229,0.2694311724994,0.00413287589870872,0.243554023176799
3000,0.793210071753884,0.747656466493518,0.264881202060982,0.152641896624685,0.202006723880198,0.00332753304637177,0.237042472639225,0.0141288182630184,4.99826030253,1.16039896809002,0.978501621093019,0.312776781780239,0.269318322689268,0.187123986067462,0.00425145723081547,0.251617468327634
2900,0.21894992278844,0.341265977870273,0.109224730306494,0.106862804083188,0.145156820597528,0.00132362673726009,0.0122891267527571,0.0240379592463194,4.81570140437,1.03660633035335,0.810958383046607,0.242586295402259,0.250216842253174,0.173581772238863,0.00400436931884757,0.216883079567896
2800,1.05576491732421,0.941186117991208,0.334739523080828,0.262760786656165,0.307173616348646,0.00708971843892174,0.1936699437486,0.0471910423867746,4.45811851489,0.938227051836165,0.85113278932688,0.269228040986798,0.232479978158808,0.226165218473087,0.00459088481027103,0.195652926359096
2700,0.780883206295583,0.695801274667669,0.20184914881038,0.168462296733566,0.155366875160974,0,0.185872684546572,0.0480223248866729,4.05425143143,0.933030147228032,0.768114592430584,0.242182722964737,0.226106660193496,0.23127024575481,0.00408804769098049,0.205323658944589
2600,1.23302820988083,0.93166703208771,0.295669574220659,0.298263183511814,0.207105312459663,0.00557752955943001,0.245980391394558,0.0574331430781724,3.1584736094,0.900517680495451,0.803369344970093,0.241272835695868,0.214465994726233,0.181236093810318,0.00400023548049747,0.198252628349342
2500,0.567540739592081,0.681181496380153,0.144517165369411,0.207410171618541,0.207054019445799,0.00259291270527225,0.123496503240982,0.0591405845864932,3.44662035185,0.868719476195352,0.744769804179187,0.217200028357554,0.210054948263306,0.207079665952731,0.00385354684375541,0.18477041406689
2400,0.676456919818188,0.569936025484289,0.216818758746263,0.325803622501926,0.285862220257414,0.00649577467024963,0.139061795034129,0.0572274743944713,3.0515464403,0.823688695275614,0.701242055853546,0.238718834045508,0.217291524375169,0.246458119851606,0.00405846265226394,0.161094253778582
2300,1.56260892706852,1.1839555339511,0.375306154856213,0.330431101349878,0.344084733930857,0.0114456240201249,0.314881704415326,0.064527685409312,3.1241358206,0.861055364315217,0.763570494061772,0.246832160400585,0.23157948288497,0.314973477094135,0.0047315898972038,0.181536827721519
2200,0.482017982017982,0.47032967032967,0.137562437562438,0.14975024975025,0.110589410589411,0.0013986013986014,0.110489510489511,0.0487527769946116,3.42308115416,0.822156353098229,0.782008164413114,0.233974818150997,0.231218027025666,0.227337072260134,0.0044904734412325,0.165717707452805
2100,1.16003704775177,0.883745822897496,0.321318836331455,0.302893698851527,0.267942676185776,0.00874141658559146,0.256967873747163,0.0440626757080625,2.19027969384,0.939792243718645,0.773802407971155,0.239104670573156,0.255721888871708,0.189266043387593,0.00541769717227392,0.196302550827105
2000,0.934515035024988,1.04222870875578,0.221277919455808,0.204889981075149,0.39547478963502,0.00905045924621945,0.235499001150885,0.0434021897602691,3.16646508872,0.924636008431242,0.823292041412314,0.254456821390435,0.248488038174081,0.331708732910398,0.00566278977318614,0.201531183002391
1900,0.798897813133099,0.638311973431271,0.171616252833061,0.262361951419104,0.191508975281368,0.0015600624024961,0.144670416068689,0.0505661310716932,3.24304438275,0.926887834285932,0.781384175889966,0.245416320207795,0.260225495009774,0.293491882458194,0.00585779757349815,0.196380899442655
1800,1.1599159071821,0.720440116321804,0.390286213635466,0.246797184227426,0.348833068673165,0.00470141317452451,0.390036877273935,0.0611991509428612,4.26779531765,0.917748796448591,0.786992550167344,0.248412331963645,0.253792245099225,0.270171021977266,0.00574828302538496,0.214387960177578
1700,0.730456687872671,0.627944429067163,0.159540646731852,0.249996041265301,0.281266132415969,0.00576391772129188,0.16745813901209,0.0723681829940085,4.40002695038,0.938113289983665,0.795279464964898,0.252807973797528,0.25911547880507,0.315049600544567,0.00614465865238741,0.219883164648966
1600,1.03122755000175,0.759624398430844,0.291611457546349,0.325801476673489,0.259767616848897,0.00787141782070902,0.295381106404716,0.0933822623042284,4.81953307797,0.98245961875661,0.734660731319147,0.246866498040507,0.259115210576515,0.270516874632433,0.00631661404619484,0.239423078570289
1500,0.853806316788679,0.793857784932601,0.193557559195878,0.216650205366631,0.292500119088815,0.012029167050254,0.248367198872074,0.10234578418003,4.28938721159,0.89385929247163,0.78087903340528,0.241322425988521,0.24489259857861,0.276133867968856,0.00638955692496098,0.231108765377383
1400,0.5606876877635,0.291126202317538,0.115462876473707,0.223247751045585,0.202236752417258,0.00120336943441637,0.107071268082098,0.0970067596929624,2.92117426842,0.90369300568982,0.696219087608143,0.23009175071665,0.254079786240526,0.247368435753036,0.00636515292943785,0.230681485076456
1300,1.3268518037066,0.951242635593213,0.36708868338835,0.25988790017212,0.574709518092414,0.0116260873624993,0.449156721030932,0.110726587587756,3.67027722326,0.924544850184173,0.683221077156348,0.225452244667227,0.248704061405601,0.388473135254836,0.00672573677655133,0.254705090986927
1200,0.847015499665703,0.591609233601295,0.144234155011842,0.255386272460019,0.404886911098141,0.00642165907987692,0.199677908110031,0.0911375877785089,3.90453876898,0.913607408264263,0.676549257180637,0.222390946323225,0.255016097828709,0.489798214595277,0.00639713675575851,0.250227454356821
1100,0.581674619348856,0.483182737804187,0.263364246456107,0.223766541233962,0.429298182826965,0.00582288480889144,0.172059703258124,0.090060779149446,3.06857790289,0.886454509041232,0.642655345963835,0.216741504105177,0.250191671555567,0.417092546962553,0.00692998955655793,0.2536511152555
1000,1.23551254376533,0.973377913282006,0.255007415478058,0.302753297223444,0.535919735786001,0.00990191299457992,0.33000630167445,0.121070011082707,3.5163751313,0.895904088614136,0.692002986565955,0.229031475361613,0.257186185680069,0.482608959306483,0.00758005203406485,0.246147293305564
900,0.820451867758222,0.535175181255631,0.141199088307991,0.288804257317061,0.323729450357574,0.0115531237452612,0.231425815508763,0.126297764298784,3.4530861801,0.90715348609983,0.659938812683782,0.234178717728469,0.262037212686539,0.429824593071787,0.00830370278706102,0.254143252867649
800,0.738540549829858,0.525987825358895,0.266500572569755,0.229186462268223,0.272044766321496,0.00358265773360113,0.224525434965687,0.195451628115961,3.15760216563,0.870567611078343,0.621671675601824,0.21406109556475,0.249960335885881,0.297887108339535,0.00776760777617253,0.24528629393777
700,0.893220510168172,0.715069965209044,0.489266168285242,0.227303412981206,0.294507033233191,0.000908265213442325,0.205602958072304,0.311908912293685,2.62082707275,0.87549438525078,0.68223507030061,0.28306749821943,0.251291986837703,0.283275899777343,0.00637749504657107,0.239940763837799
